areaName,epiweek,new_confirmed,new_deceased,newAdmissions,hospitalCases,covidOccupiedMVBeds,latitude,longitude
East of England,1,147600.0,1101.0,4583,35717.0,2550.0,52.1766,0.425889
East of England,2,94040.0,1431.0,4306,39657.0,3068.0,52.1766,0.425889
East of England,3,98303.0,1461.0,3914,37896.0,2874.0,52.1766,0.425889
East of England,4,90432.0,1192.0,3318,34978.0,2869.0,52.1766,0.425889
East of England,5,71117.0,876.0,2574,29870.0,2398.0,52.1766,0.425889
East of England,6,47686.0,621.0,2039,24232.0,1870.0,52.1766,0.425889
East of England,7,36293.0,459.0,1620,18912.0,1601.0,52.1766,0.425889
East of England,8,27460.0,286.0,1449,15850.0,1290.0,52.1766,0.425889
East of England,9,31038.0,233.0,1362,13171.0,1088.0,52.1766,0.425889
East of England,10,51459.0,176.0,1436,11904.0,893.0,52.1766,0.425889
East of England,11,65360.0,173.0,1665,12282.0,811.0,52.1766,0.425889
East of England,12,63488.0,185.0,1678,13317.0,693.0,52.1766,0.425889
East of England,13,47507.0,221.0,1647,13538.0,577.0,52.1766,0.425889
East of England,14,30750.0,506.0,2315,17122.0,906.0,52.1766,0.425889
East of England,15,22947.0,842.0,2824,22281.0,2148.0,52.1766,0.425889
East of England,16,16747.0,757.0,2267,22296.0,2416.0,52.1766,0.425889
East of England,17,12351.0,651.0,1820,19483.0,2235.0,52.1766,0.425889
East of England,18,11331.0,536.0,1775,16637.0,1745.0,52.1766,0.425889
East of England,19,8955.0,396.0,1309,13572.0,1332.0,52.1766,0.425889
East of England,20,7739.0,293.0,1010,11183.0,1092.0,52.1766,0.425889
East of England,21,6745.0,254.0,920,9454.0,944.0,52.1766,0.425889
East of England,22,6841.0,220.0,764,7901.0,694.0,52.1766,0.425889
East of England,23,10160.0,148.0,804,7058.0,534.0,52.1766,0.425889
East of England,24,13081.0,109.0,875,6354.0,499.0,52.1766,0.425889
East of England,25,19142.0,108.0,1108,7268.0,449.0,52.1766,0.425889
East of England,26,27290.0,114.0,1327,8954.0,492.0,52.1766,0.425889
East of England,27,37168.0,155.0,1564,10410.0,469.0,52.1766,0.425889
East of England,28,45870.0,143.0,1613,12254.0,557.0,52.1766,0.425889
East of England,29,32234.0,193.0,1556,12260.0,538.0,52.1766,0.425889
East of England,30,23576.0,171.0,1276,11513.0,643.0,52.1766,0.425889
East of England,31,22638.0,126.0,1084,9636.0,581.0,52.1766,0.425889
East of England,32,21977.0,143.0,1116,8766.0,552.0,52.1766,0.425889
East of England,33,21735.0,140.0,1089,8638.0,626.0,52.1766,0.425889
East of England,34,20432.0,122.0,944,8144.0,639.0,52.1766,0.425889
East of England,35,22737.0,137.0,830,7586.0,645.0,52.1766,0.425889
East of England,36,20988.0,107.0,725,6996.0,656.0,52.1766,0.425889
East of England,37,17666.0,87.0,536,4603.0,642.0,52.1766,0.425889
East of England,38,21304.0,68.0,361,3254.0,438.0,52.1766,0.425889
East of England,39,22799.0,48.0,363,2890.0,355.0,52.1766,0.425889
East of England,40,27907.0,65.0,471,3098.0,442.0,52.1766,0.425889
East of England,41,34276.0,77.0,589,3869.0,505.0,52.1766,0.425889
East of England,42,38118.0,109.0,798,5289.0,668.0,52.1766,0.425889
East of England,43,35071.0,181.0,984,6999.0,738.0,52.1766,0.425889
East of England,44,29922.0,197.0,1011,8563.0,905.0,52.1766,0.425889
East of England,45,33427.0,206.0,1036,9333.0,1095.0,52.1766,0.425889
East of England,46,38895.0,241.0,1124,9552.0,1081.0,52.1766,0.425889
East of England,47,38738.0,225.0,1123,10310.0,1134.0,52.1766,0.425889
East of England,48,43127.0,255.0,1120,10541.0,1148.0,52.1766,0.425889
East of England,49,48038.0,247.0,1332,11035.0,1116.0,52.1766,0.425889
East of England,50,84193.0,312.0,1626,12947.0,1195.0,52.1766,0.425889
East of England,51,122840.0,408.0,2305,16117.0,1365.0,52.1766,0.425889
East of England,52,152386.0,594.0,2985,21399.0,1507.0,52.1766,0.425889
East of England,53,51051.0,643.0,2659,19866.0,1268.0,52.1766,0.425889
London,1,247651.0,1428.0,8460,76193.0,7991.0,51.4923,-0.30866
London,2,150928.0,1646.0,7464,79925.0,9414.0,51.4923,-0.30866
London,3,129215.0,1557.0,6198,74816.0,9896.0,51.4923,-0.30866
London,4,109386.0,1071.0,4694,64063.0,9450.0,51.4923,-0.30866
London,5,84558.0,778.0,3683,54565.0,8470.0,51.4923,-0.30866
London,6,58590.0,474.0,2802,45089.0,7344.0,51.4923,-0.30866
London,7,43132.0,353.0,2050,36724.0,6114.0,51.4923,-0.30866
London,8,33409.0,221.0,1478,29352.0,4833.0,51.4923,-0.30866
London,9,35646.0,162.0,1480,23658.0,3913.0,51.4923,-0.30866
London,10,50888.0,122.0,1574,21052.0,3043.0,51.4923,-0.30866
London,11,61978.0,111.0,1607,20640.0,2536.0,51.4923,-0.30866
London,12,64005.0,124.0,1618,20466.0,1991.0,51.4923,-0.30866
London,13,49829.0,121.0,1810,21163.0,1746.0,51.4923,-0.30866
London,14,33452.0,929.0,4650,38531.0,3829.0,51.4923,-0.30866
London,15,25398.0,1522.0,5839,55026.0,7929.0,51.4923,-0.30866
London,16,19398.0,1105.0,3711,49318.0,8497.0,51.4923,-0.30866
London,17,13562.0,722.0,2583,40907.0,7724.0,51.4923,-0.30866
London,18,12463.0,438.0,2139,32426.0,6289.0,51.4923,-0.30866
London,19,10452.0,293.0,1764,26391.0,4859.0,51.4923,-0.30866
London,20,9559.0,161.0,1146,21857.0,3760.0,51.4923,-0.30866
London,21,9255.0,135.0,1093,17860.0,2986.0,51.4923,-0.30866
London,22,11149.0,91.0,951,15387.0,2354.0,51.4923,-0.30866
London,23,17710.0,79.0,1144,13921.0,1783.0,51.4923,-0.30866
London,24,21321.0,77.0,1266,13431.0,1604.0,51.4923,-0.30866
London,25,29047.0,71.0,1595,13813.0,1542.0,51.4923,-0.30866
London,26,40905.0,85.0,1921,16065.0,1500.0,51.4923,-0.30866
London,27,51293.0,112.0,2383,18563.0,1474.0,51.4923,-0.30866
London,28,60845.0,138.0,2525,21202.0,1706.0,51.4923,-0.30866
London,29,44998.0,181.0,2438,22404.0,1835.0,51.4923,-0.30866
London,30,33499.0,180.0,2042,22325.0,2006.0,51.4923,-0.30866
London,31,32765.0,164.0,1816,21104.0,2099.0,51.4923,-0.30866
London,32,31242.0,174.0,1612,19398.0,2107.0,51.4923,-0.30866
London,33,28280.0,157.0,1518,18445.0,2206.0,51.4923,-0.30866
London,34,26513.0,135.0,1431,17484.0,2110.0,51.4923,-0.30866
London,35,26928.0,129.0,1301,16404.0,2080.0,51.4923,-0.30866
London,36,25211.0,108.0,1287,14599.0,2030.0,51.4923,-0.30866
London,37,20350.0,76.0,823,10835.0,1807.0,51.4923,-0.30866
London,38,21005.0,84.0,795,8340.0,1632.0,51.4923,-0.30866
London,39,22629.0,116.0,794,8172.0,1522.0,51.4923,-0.30866
London,40,25997.0,97.0,766,8180.0,1499.0,51.4923,-0.30866
London,41,31724.0,91.0,935,8414.0,1393.0,51.4923,-0.30866
London,42,37101.0,108.0,1179,9736.0,1593.0,51.4923,-0.30866
London,43,38194.0,158.0,1388,11691.0,1803.0,51.4923,-0.30866
London,44,35361.0,181.0,1537,13637.0,2170.0,51.4923,-0.30866
London,45,40158.0,205.0,1509,15002.0,2312.0,51.4923,-0.30866
London,46,47766.0,186.0,1668,16061.0,2520.0,51.4923,-0.30866
London,47,49970.0,246.0,1747,17842.0,2785.0,51.4923,-0.30866
London,48,57431.0,278.0,1765,18940.0,3045.0,51.4923,-0.30866
London,49,81072.0,312.0,2070,19732.0,3117.0,51.4923,-0.30866
London,50,207639.0,329.0,2947,23182.0,3146.0,51.4923,-0.30866
London,51,249483.0,426.0,4561,31886.0,3466.0,51.4923,-0.30866
London,52,251964.0,705.0,6475,48010.0,4550.0,51.4923,-0.30866
London,53,95664.0,856.0,5060,37500.0,4349.0,51.4923,-0.30866
Midlands,1,275868.0,1257.0,7138,51369.0,3656.0,52.7269,-1.45821
Midlands,2,179165.0,1713.0,7927,61469.0,4390.0,52.7269,-1.45821
Midlands,3,175596.0,1864.0,7301,64822.0,5074.0,52.7269,-1.45821
Midlands,4,150032.0,1738.0,5904,60248.0,5260.0,52.7269,-1.45821
Midlands,5,113137.0,1441.0,4903,52902.0,4914.0,52.7269,-1.45821
Midlands,6,76016.0,1113.0,3753,44162.0,4298.0,52.7269,-1.45821
Midlands,7,58455.0,872.0,3314,36152.0,3550.0,52.7269,-1.45821
Midlands,8,41684.0,602.0,2638,31376.0,2973.0,52.7269,-1.45821
Midlands,9,42239.0,446.0,2257,25975.0,2407.0,52.7269,-1.45821
Midlands,10,63005.0,395.0,2263,21936.0,1909.0,52.7269,-1.45821
Midlands,11,84020.0,308.0,2592,21024.0,1456.0,52.7269,-1.45821
Midlands,12,93360.0,331.0,2946,21813.0,1142.0,52.7269,-1.45821
Midlands,13,75187.0,316.0,3133,23821.0,1014.0,52.7269,-1.45821
Midlands,14,51651.0,959.0,5445,35106.0,1826.0,52.7269,-1.45821
Midlands,15,37983.0,1596.0,5788,48012.0,3872.0,52.7269,-1.45821
Midlands,16,27360.0,1350.0,4035,44328.0,3899.0,52.7269,-1.45821
Midlands,17,20029.0,1123.0,3173,36721.0,3407.0,52.7269,-1.45821
Midlands,18,17847.0,917.0,2601,30544.0,2511.0,52.7269,-1.45821
Midlands,19,14520.0,717.0,2232,25080.0,1801.0,52.7269,-1.45821
Midlands,20,13042.0,520.0,1890,21483.0,1454.0,52.7269,-1.45821
Midlands,21,11589.0,438.0,1720,19470.0,1167.0,52.7269,-1.45821
Midlands,22,12074.0,319.0,1509,16299.0,925.0,52.7269,-1.45821
Midlands,23,18007.0,237.0,1599,14309.0,884.0,52.7269,-1.45821
Midlands,24,24176.0,210.0,1819,14298.0,720.0,52.7269,-1.45821
Midlands,25,35398.0,218.0,2165,15399.0,719.0,52.7269,-1.45821
Midlands,26,52588.0,249.0,2780,17936.0,757.0,52.7269,-1.45821
Midlands,27,68096.0,288.0,3389,22266.0,900.0,52.7269,-1.45821
Midlands,28,85977.0,314.0,3533,26348.0,1113.0,52.7269,-1.45821
Midlands,29,59235.0,413.0,3224,26334.0,1219.0,52.7269,-1.45821
Midlands,30,44888.0,351.0,2775,24062.0,1360.0,52.7269,-1.45821
Midlands,31,45016.0,337.0,2483,20952.0,1343.0,52.7269,-1.45821
Midlands,32,45557.0,319.0,2324,19402.0,1469.0,52.7269,-1.45821
Midlands,33,46160.0,286.0,2201,18615.0,1386.0,52.7269,-1.45821
Midlands,34,43986.0,315.0,2132,17689.0,1448.0,52.7269,-1.45821
Midlands,35,46126.0,297.0,1977,16660.0,1421.0,52.7269,-1.45821
Midlands,36,46606.0,256.0,1932,16236.0,1350.0,52.7269,-1.45821
Midlands,37,42015.0,187.0,1262,11397.0,1343.0,52.7269,-1.45821
Midlands,38,52368.0,179.0,1036,9026.0,1314.0,52.7269,-1.45821
Midlands,39,52507.0,183.0,1170,8885.0,1284.0,52.7269,-1.45821
Midlands,40,61862.0,189.0,1299,9768.0,1309.0,52.7269,-1.45821
Midlands,41,71511.0,216.0,1587,11135.0,1419.0,52.7269,-1.45821
Midlands,42,71671.0,319.0,1980,13831.0,1656.0,52.7269,-1.45821
Midlands,43,71552.0,398.0,2392,17305.0,1989.0,52.7269,-1.45821
Midlands,44,68814.0,525.0,2845,21647.0,2441.0,52.7269,-1.45821
Midlands,45,78271.0,661.0,3038,24735.0,2742.0,52.7269,-1.45821
Midlands,46,86988.0,763.0,3585,28192.0,2763.0,52.7269,-1.45821
Midlands,47,76205.0,880.0,3290,31502.0,3045.0,52.7269,-1.45821
Midlands,48,73020.0,899.0,3018,31152.0,3233.0,52.7269,-1.45821
Midlands,49,72623.0,899.0,3138,29452.0,2905.0,52.7269,-1.45821
Midlands,50,99917.0,837.0,3260,30121.0,2936.0,52.7269,-1.45821
Midlands,51,147978.0,833.0,3632,31337.0,2712.0,52.7269,-1.45821
Midlands,52,235798.0,891.0,4968,35496.0,2726.0,52.7269,-1.45821
Midlands,53,53159.0,739.0,3406,26125.0,2089.0,52.7269,-1.45821
North East and Yorkshire,1,237442.0,710.0,5331,35883.0,2031.0,54.5378,-2.18039
North East and Yorkshire,2,139062.0,937.0,5726,43670.0,2440.0,54.5378,-2.18039
North East and Yorkshire,3,125118.0,1017.0,5368,46131.0,2812.0,54.5378,-2.18039
North East and Yorkshire,4,101740.0,1001.0,4603,43162.0,2735.0,54.5378,-2.18039
North East and Yorkshire,5,74464.0,866.0,3702,38492.0,2648.0,54.5378,-2.18039
North East and Yorkshire,6,50027.0,667.0,3034,32600.0,2444.0,54.5378,-2.18039
North East and Yorkshire,7,39544.0,557.0,2538,27176.0,2254.0,54.5378,-2.18039
North East and Yorkshire,8,28206.0,388.0,2158,23233.0,1949.0,54.5378,-2.18039
North East and Yorkshire,9,29515.0,301.0,1897,19763.0,1649.0,54.5378,-2.18039
North East and Yorkshire,10,43503.0,258.0,1992,17684.0,1272.0,54.5378,-2.18039
North East and Yorkshire,11,60350.0,210.0,2289,17679.0,917.0,54.5378,-2.18039
North East and Yorkshire,12,71206.0,240.0,2683,19300.0,850.0,54.5378,-2.18039
North East and Yorkshire,13,59563.0,277.0,2925,21525.0,818.0,54.5378,-2.18039
North East and Yorkshire,14,41568.0,662.0,4110,28818.0,1103.0,54.5378,-2.18039
North East and Yorkshire,15,32035.0,1107.0,4814,36373.0,2377.0,54.5378,-2.18039
North East and Yorkshire,16,25026.0,1006.0,3739,34913.0,2575.0,54.5378,-2.18039
North East and Yorkshire,17,19301.0,934.0,3035,29916.0,2134.0,54.5378,-2.18039
North East and Yorkshire,18,17524.0,837.0,2576,25702.0,1833.0,54.5378,-2.18039
North East and Yorkshire,19,13809.0,664.0,1975,21850.0,1483.0,54.5378,-2.18039
North East and Yorkshire,20,12277.0,509.0,1683,17824.0,1238.0,54.5378,-2.18039
North East and Yorkshire,21,10378.0,406.0,1281,14485.0,969.0,54.5378,-2.18039
North East and Yorkshire,22,10974.0,329.0,1165,12199.0,714.0,54.5378,-2.18039
North East and Yorkshire,23,16945.0,244.0,1276,11301.0,666.0,54.5378,-2.18039
North East and Yorkshire,24,23708.0,179.0,1427,11098.0,598.0,54.5378,-2.18039
North East and Yorkshire,25,36447.0,144.0,1865,12073.0,624.0,54.5378,-2.18039
North East and Yorkshire,26,54254.0,179.0,2227,14279.0,706.0,54.5378,-2.18039
North East and Yorkshire,27,71614.0,187.0,2898,17748.0,877.0,54.5378,-2.18039
North East and Yorkshire,28,82806.0,226.0,3252,20956.0,1010.0,54.5378,-2.18039
North East and Yorkshire,29,55376.0,334.0,3234,23313.0,1192.0,54.5378,-2.18039
North East and Yorkshire,30,40197.0,288.0,2682,22572.0,1467.0,54.5378,-2.18039
North East and Yorkshire,31,37877.0,304.0,2339,19233.0,1221.0,54.5378,-2.18039
North East and Yorkshire,32,35519.0,272.0,2257,17203.0,1143.0,54.5378,-2.18039
North East and Yorkshire,33,34006.0,223.0,2059,16562.0,1123.0,54.5378,-2.18039
North East and Yorkshire,34,33234.0,228.0,1799,15380.0,1165.0,54.5378,-2.18039
North East and Yorkshire,35,37010.0,222.0,1794,14955.0,1154.0,54.5378,-2.18039
North East and Yorkshire,36,37341.0,232.0,1778,15002.0,1257.0,54.5378,-2.18039
North East and Yorkshire,37,31879.0,178.0,1342,10694.0,1243.0,54.5378,-2.18039
North East and Yorkshire,38,39734.0,191.0,1256,9080.0,1060.0,54.5378,-2.18039
North East and Yorkshire,39,41791.0,170.0,1391,9689.0,1182.0,54.5378,-2.18039
North East and Yorkshire,40,55137.0,218.0,1657,11072.0,1350.0,54.5378,-2.18039
North East and Yorkshire,41,64753.0,310.0,2022,13393.0,1469.0,54.5378,-2.18039
North East and Yorkshire,42,64841.0,378.0,2471,16594.0,1651.0,54.5378,-2.18039
North East and Yorkshire,43,67595.0,512.0,2999,20344.0,1802.0,54.5378,-2.18039
North East and Yorkshire,44,62498.0,632.0,3257,25482.0,2008.0,54.5378,-2.18039
North East and Yorkshire,45,66846.0,746.0,3411,28190.0,2163.0,54.5378,-2.18039
North East and Yorkshire,46,67653.0,802.0,3595,30409.0,2318.0,54.5378,-2.18039
North East and Yorkshire,47,54515.0,819.0,3173,31478.0,2579.0,54.5378,-2.18039
North East and Yorkshire,48,47835.0,806.0,2497,29055.0,2480.0,54.5378,-2.18039
North East and Yorkshire,49,44109.0,637.0,2334,25371.0,2036.0,54.5378,-2.18039
North East and Yorkshire,50,57983.0,614.0,2339,23458.0,1838.0,54.5378,-2.18039
North East and Yorkshire,51,95160.0,581.0,2737,22959.0,1684.0,54.5378,-2.18039
North East and Yorkshire,52,183922.0,594.0,3862,25632.0,1591.0,54.5378,-2.18039
North East and Yorkshire,53,28929.0,523.0,2231,17584.0,1150.0,54.5378,-2.18039
North West,1,231676.0,856.0,5464,39449.0,2413.0,53.8981,-2.65755
North West,2,124761.0,1096.0,5554,48684.0,2927.0,53.8981,-2.65755
North West,3,103902.0,1248.0,4873,50263.0,3243.0,53.8981,-2.65755
North West,4,83021.0,1198.0,3975,46740.0,3164.0,53.8981,-2.65755
North West,5,61999.0,982.0,3312,39556.0,2838.0,53.8981,-2.65755
North West,6,42758.0,764.0,2654,32311.0,2698.0,53.8981,-2.65755
North West,7,33405.0,587.0,2141,26594.0,2306.0,53.8981,-2.65755
North West,8,24898.0,368.0,1827,22197.0,1923.0,53.8981,-2.65755
North West,9,26607.0,308.0,1753,18510.0,1400.0,53.8981,-2.65755
North West,10,42350.0,221.0,1949,17072.0,1138.0,53.8981,-2.65755
North West,11,56300.0,236.0,2071,17228.0,886.0,53.8981,-2.65755
North West,12,61652.0,209.0,2366,18210.0,761.0,53.8981,-2.65755
North West,13,48340.0,250.0,2324,20021.0,731.0,53.8981,-2.65755
North West,14,32869.0,662.0,4103,27039.0,1042.0,53.8981,-2.65755
North West,15,26617.0,1191.0,4596,37226.0,2186.0,53.8981,-2.65755
North West,16,20711.0,1218.0,3305,36247.0,2585.0,53.8981,-2.65755
North West,17,16276.0,920.0,2654,30910.0,2621.0,53.8981,-2.65755
North West,18,14783.0,740.0,2303,26744.0,2050.0,53.8981,-2.65755
North West,19,12675.0,593.0,2060,22891.0,1645.0,53.8981,-2.65755
North West,20,12418.0,457.0,1959,19579.0,1322.0,53.8981,-2.65755
North West,21,13406.0,337.0,1723,17351.0,1075.0,53.8981,-2.65755
North West,22,16857.0,294.0,1520,15651.0,969.0,53.8981,-2.65755
North West,23,23387.0,233.0,1771,14719.0,992.0,53.8981,-2.65755
North West,24,28990.0,207.0,1994,14574.0,993.0,53.8981,-2.65755
North West,25,39017.0,207.0,2149,16392.0,1040.0,53.8981,-2.65755
North West,26,51017.0,220.0,2482,18713.0,1167.0,53.8981,-2.65755
North West,27,57251.0,236.0,2928,20622.0,1223.0,53.8981,-2.65755
North West,28,65371.0,281.0,2775,22565.0,1253.0,53.8981,-2.65755
North West,29,44617.0,306.0,2839,22526.0,1270.0,53.8981,-2.65755
North West,30,31961.0,290.0,2387,21815.0,1320.0,53.8981,-2.65755
North West,31,30564.0,261.0,2010,19268.0,1213.0,53.8981,-2.65755
North West,32,30280.0,285.0,2033,17677.0,1092.0,53.8981,-2.65755
North West,33,29006.0,212.0,1789,16595.0,1024.0,53.8981,-2.65755
North West,34,28485.0,201.0,1472,14851.0,959.0,53.8981,-2.65755
North West,35,31892.0,200.0,1479,13882.0,1035.0,53.8981,-2.65755
North West,36,32760.0,209.0,1402,13266.0,1045.0,53.8981,-2.65755
North West,37,30774.0,173.0,1091,9223.0,935.0,53.8981,-2.65755
North West,38,35914.0,154.0,1025,7999.0,909.0,53.8981,-2.65755
North West,39,40940.0,158.0,1197,8965.0,992.0,53.8981,-2.65755
North West,40,54674.0,242.0,1364,10130.0,1190.0,53.8981,-2.65755
North West,41,62049.0,296.0,1954,13088.0,1459.0,53.8981,-2.65755
North West,42,62036.0,438.0,2529,17325.0,1674.0,53.8981,-2.65755
North West,43,63115.0,552.0,2703,21882.0,1989.0,53.8981,-2.65755
North West,44,56863.0,718.0,2995,25943.0,2290.0,53.8981,-2.65755
North West,45,55741.0,756.0,2636,27668.0,2463.0,53.8981,-2.65755
North West,46,54355.0,763.0,2598,27688.0,2577.0,53.8981,-2.65755
North West,47,44782.0,687.0,2220,27122.0,2451.0,53.8981,-2.65755
North West,48,42826.0,570.0,1886,24276.0,2239.0,53.8981,-2.65755
North West,49,44864.0,504.0,1870,22775.0,2032.0,53.8981,-2.65755
North West,50,69595.0,493.0,2057,21955.0,1873.0,53.8981,-2.65755
North West,51,127417.0,456.0,2537,22530.0,1739.0,53.8981,-2.65755
North West,52,206736.0,565.0,3672,26772.0,1747.0,53.8981,-2.65755
North West,53,35999.0,438.0,1697,16938.0,1279.0,53.8981,-2.65755
South East,1,203492.0,1372.0,6108,44398.0,3286.0,51.4341,-0.96957
South East,2,134922.0,1798.0,5466,49645.0,3828.0,51.4341,-0.96957
South East,3,142675.0,1945.0,4808,47993.0,4012.0,51.4341,-0.96957
South East,4,141134.0,1518.0,4143,43949.0,3662.0,51.4341,-0.96957
South East,5,113760.0,1060.0,3308,37575.0,3331.0,51.4341,-0.96957
South East,6,78332.0,743.0,2663,29738.0,2721.0,51.4341,-0.96957
South East,7,58818.0,579.0,2388,25034.0,2296.0,51.4341,-0.96957
South East,8,41926.0,425.0,1969,20107.0,1748.0,51.4341,-0.96957
South East,9,47670.0,302.0,1923,16385.0,1297.0,51.4341,-0.96957
South East,10,78709.0,248.0,2074,15253.0,932.0,51.4341,-0.96957
South East,11,99891.0,268.0,2402,16482.0,639.0,51.4341,-0.96957
South East,12,97858.0,217.0,2512,16791.0,465.0,51.4341,-0.96957
South East,13,72716.0,266.0,2433,17316.0,435.0,51.4341,-0.96957
South East,14,47966.0,680.0,3800,24856.0,980.0,51.4341,-0.96957
South East,15,34474.0,1064.0,3838,31511.0,2463.0,51.4341,-0.96957
South East,16,24652.0,912.0,3031,29001.0,2783.0,51.4341,-0.96957
South East,17,17125.0,842.0,2427,24423.0,2542.0,51.4341,-0.96957
South East,18,15548.0,595.0,2082,19683.0,2017.0,51.4341,-0.96957
South East,19,12209.0,439.0,1512,15916.0,1558.0,51.4341,-0.96957
South East,20,10924.0,335.0,1288,12767.0,1187.0,51.4341,-0.96957
South East,21,10438.0,274.0,1128,10373.0,838.0,51.4341,-0.96957
South East,22,11766.0,202.0,1031,9002.0,681.0,51.4341,-0.96957
South East,23,17402.0,183.0,1090,8653.0,480.0,51.4341,-0.96957
South East,24,22216.0,146.0,1057,8723.0,391.0,51.4341,-0.96957
South East,25,30955.0,128.0,1389,9366.0,327.0,51.4341,-0.96957
South East,26,44859.0,143.0,1854,11026.0,341.0,51.4341,-0.96957
South East,27,55499.0,185.0,2442,14609.0,483.0,51.4341,-0.96957
South East,28,65308.0,214.0,2355,16812.0,564.0,51.4341,-0.96957
South East,29,45287.0,238.0,2152,16835.0,604.0,51.4341,-0.96957
South East,30,32963.0,249.0,1683,15011.0,616.0,51.4341,-0.96957
South East,31,32584.0,198.0,1458,12396.0,674.0,51.4341,-0.96957
South East,32,33705.0,146.0,1388,10854.0,589.0,51.4341,-0.96957
South East,33,35631.0,169.0,1388,10623.0,688.0,51.4341,-0.96957
South East,34,31417.0,135.0,1300,9949.0,676.0,51.4341,-0.96957
South East,35,34524.0,136.0,1250,10040.0,737.0,51.4341,-0.96957
South East,36,28762.0,157.0,1141,9134.0,630.0,51.4341,-0.96957
South East,37,23822.0,79.0,704,5484.0,443.0,51.4341,-0.96957
South East,38,28406.0,76.0,415,3602.0,377.0,51.4341,-0.96957
South East,39,30924.0,64.0,487,3612.0,352.0,51.4341,-0.96957
South East,40,37139.0,83.0,501,3763.0,355.0,51.4341,-0.96957
South East,41,48720.0,83.0,776,4186.0,433.0,51.4341,-0.96957
South East,42,56644.0,110.0,944,5973.0,541.0,51.4341,-0.96957
South East,43,51643.0,176.0,1157,7926.0,605.0,51.4341,-0.96957
South East,44,45587.0,226.0,1333,9692.0,729.0,51.4341,-0.96957
South East,45,54296.0,239.0,1542,11138.0,943.0,51.4341,-0.96957
South East,46,67155.0,292.0,1624,12521.0,1019.0,51.4341,-0.96957
South East,47,69944.0,333.0,1779,13896.0,1242.0,51.4341,-0.96957
South East,48,75923.0,398.0,1821,15312.0,1378.0,51.4341,-0.96957
South East,49,77939.0,425.0,2022,16217.0,1458.0,51.4341,-0.96957
South East,50,120439.0,466.0,2345,18104.0,1433.0,51.4341,-0.96957
South East,51,161054.0,589.0,2986,21172.0,1737.0,51.4341,-0.96957
South East,52,197027.0,839.0,3977,27832.0,2130.0,51.4341,-0.96957
South East,53,67593.0,922.0,3627,26946.0,2037.0,51.4341,-0.96957
South West,1,102555.0,388.0,2651,16141.0,1130.0,50.8112,-3.63343
South West,2,68378.0,597.0,2987,20752.0,1453.0,50.8112,-3.63343
South West,3,73149.0,740.0,2729,22369.0,1575.0,50.8112,-3.63343
South West,4,76331.0,776.0,2335,20869.0,1548.0,50.8112,-3.63343
South West,5,65494.0,568.0,1988,18095.0,1474.0,50.8112,-3.63343
South West,6,48862.0,403.0,1616,14450.0,1166.0,50.8112,-3.63343
South West,7,37263.0,275.0,1430,11633.0,907.0,50.8112,-3.63343
South West,8,25588.0,202.0,1159,9423.0,672.0,50.8112,-3.63343
South West,9,30227.0,140.0,1304,8132.0,478.0,50.8112,-3.63343
South West,10,51090.0,148.0,1513,8326.0,378.0,50.8112,-3.63343
South West,11,72856.0,173.0,1835,9204.0,277.0,50.8112,-3.63343
South West,12,72670.0,177.0,1904,10868.0,286.0,50.8112,-3.63343
South West,13,50101.0,221.0,1821,12307.0,296.0,50.8112,-3.63343
South West,14,30903.0,374.0,2169,13581.0,462.0,50.8112,-3.63343
South West,15,21786.0,520.0,2431,16436.0,1028.0,50.8112,-3.63343
South West,16,15134.0,469.0,1878,16061.0,976.0,50.8112,-3.63343
South West,17,10015.0,397.0,1341,13057.0,859.0,50.8112,-3.63343
South West,18,9190.0,308.0,1068,9949.0,688.0,50.8112,-3.63343
South West,19,6652.0,247.0,905,7623.0,537.0,50.8112,-3.63343
South West,20,5804.0,120.0,807,5953.0,501.0,50.8112,-3.63343
South West,21,4876.0,113.0,633,5067.0,327.0,50.8112,-3.63343
South West,22,5729.0,102.0,570,4256.0,273.0,50.8112,-3.63343
South West,23,9787.0,78.0,649,3991.0,200.0,50.8112,-3.63343
South West,24,14191.0,55.0,661,3864.0,140.0,50.8112,-3.63343
South West,25,20120.0,67.0,786,4336.0,139.0,50.8112,-3.63343
South West,26,30063.0,83.0,1237,5553.0,162.0,50.8112,-3.63343
South West,27,37841.0,91.0,1475,8147.0,203.0,50.8112,-3.63343
South West,28,45727.0,154.0,1580,9699.0,243.0,50.8112,-3.63343
South West,29,31076.0,144.0,1490,9282.0,356.0,50.8112,-3.63343
South West,30,24552.0,121.0,1216,8475.0,437.0,50.8112,-3.63343
South West,31,24793.0,133.0,1087,7186.0,435.0,50.8112,-3.63343
South West,32,24377.0,136.0,932,6598.0,429.0,50.8112,-3.63343
South West,33,31526.0,135.0,913,6075.0,515.0,50.8112,-3.63343
South West,34,25123.0,128.0,930,5811.0,499.0,50.8112,-3.63343
South West,35,24073.0,116.0,873,5708.0,483.0,50.8112,-3.63343
South West,36,18247.0,113.0,898,5735.0,464.0,50.8112,-3.63343
South West,37,13916.0,67.0,595,4115.0,436.0,50.8112,-3.63343
South West,38,17550.0,64.0,428,2828.0,388.0,50.8112,-3.63343
South West,39,18240.0,65.0,493,2578.0,338.0,50.8112,-3.63343
South West,40,20271.0,58.0,614,2826.0,323.0,50.8112,-3.63343
South West,41,41244.0,70.0,702,3589.0,385.0,50.8112,-3.63343
South West,42,46177.0,105.0,906,4669.0,513.0,50.8112,-3.63343
South West,43,39194.0,124.0,1033,5842.0,575.0,50.8112,-3.63343
South West,44,33547.0,157.0,1158,7167.0,723.0,50.8112,-3.63343
South West,45,38089.0,156.0,1313,7927.0,829.0,50.8112,-3.63343
South West,46,41661.0,186.0,1393,9416.0,848.0,50.8112,-3.63343
South West,47,37946.0,252.0,1352,10760.0,853.0,50.8112,-3.63343
South West,48,39172.0,261.0,1272,10892.0,848.0,50.8112,-3.63343
South West,49,36159.0,249.0,1188,10553.0,849.0,50.8112,-3.63343
South West,50,44675.0,256.0,1283,10181.0,804.0,50.8112,-3.63343
South West,51,60035.0,237.0,1336,10548.0,757.0,50.8112,-3.63343
South West,52,87600.0,264.0,1671,11856.0,817.0,50.8112,-3.63343
South West,53,19868.0,222.0,1125,8063.0,463.0,50.8112,-3.63343
